Zipcode,Abandoned#,Longitude,Latitude,AvgSalary,house_zipcode
7410,0,-74.17246303,40.73927385,108521,7102
19006,1,-74.20891835,40.73994711,114065,7103
7052,0,-74.20751519,40.7454462,117284,7103
8816,0,-74.18025396,40.72775847,117473,7102
75024,0,-74.14733735,40.73097718,117938,7105
7652,0,-74.20211213,40.71856412,124464,7112
7042,0,-74.2080741,40.74529086,127038,7103
7042,0,-74.19717286,40.7374459,127038,7103
10019,0,-74.17119798,40.73626591,133175,7102
7006,0,-74.17135929,40.74230365,139504,7102
7960,0,-74.18068179,40.74653122,143929,7107
33156,0,-74.20675306,40.74574129,162451,7103
10128,0,-74.19578937,40.71724353,180473,7108
11598,0,-74.17324311,40.74195841,180670,7102
7670,0,-74.13911986,40.73093352,184764,7105
7039,1,-74.20692487,40.72717977,184778,7103
7039,1,-74.19694547,40.73803876,184778,7103
7039,1,-74.17153251,40.73580807,184778,7102
11530,0,-74.20922577,40.70705348,187098,7111
10023,0,-74.17566473,40.74535851,194366,7103
7417,0,-74.16157691,40.77443264,235259,7104
7114,0,-74.20446653,40.69055482,25040,7114
7501,1,-74.22960755,40.74946992,30516,7106
19104,0,-74.21127685,40.73123888,38468,7103
7108,64,-74.20346649,40.7249227,39145,7108
7108,64,-74.20259659,40.72536094,39145,7108
7108,64,-74.2009041,40.72538394,39145,7108
7108,64,-74.20137099,40.72464485,39145,7108
7108,64,-74.20143558,40.72449045,39145,7108
7108,64,-74.20334384,40.72521177,39145,7108
7108,64,-74.20300214,40.72439302,39145,7108
7108,64,-74.2049983,40.72490587,39145,7108
7108,64,-74.20509659,40.7246783,39145,7108
7108,64,-74.20427714,40.72562428,39145,7108
7108,64,-74.20530062,40.72582381,39145,7108
7108,64,-74.20554911,40.72626681,39145,7108
7108,64,-74.20662011,40.7264104,39145,7108
7108,64,-74.20768166,40.72521236,39145,7108
7108,64,-74.2077044,40.72609282,39145,7108
7108,64,-74.20772906,40.72618775,39145,7108
7108,64,-74.20832119,40.72620564,39145,7108
7108,64,-74.20871004,40.72617601,39145,7108
7108,64,-74.20838803,40.726031,39145,7108
7108,64,-74.20884083,40.72582757,39145,7108
7108,64,-74.20946675,40.7267466,39145,7108
7108,64,-74.20495378,40.72501542,39145,7108
7108,64,-74.20140164,40.72457158,39145,7108
7108,64,-74.20051217,40.72244955,39145,7108
7108,64,-74.19676521,40.72286844,39145,7108
7108,64,-74.18989847,40.71789334,39145,7114
7108,64,-74.18994119,40.71781771,39145,7108
7108,64,-74.19079287,40.71636991,39145,7114
7108,64,-74.20294299,40.71658473,39145,7108
7108,64,-74.20147195,40.71916193,39145,7108
7108,64,-74.2008774,40.71902269,39145,7108
7108,64,-74.19601561,40.71806753,39145,7108
7108,64,-74.19671313,40.71645065,39145,7108
7108,64,-74.19639958,40.7186496,39145,7108
7108,64,-74.19926271,40.71940522,39145,7108
7108,64,-74.19923575,40.71947038,39145,7108
7108,64,-74.19906574,40.71985842,39145,7108
7108,64,-74.20074439,40.72094428,39145,7108
7108,64,-74.20118188,40.72084684,39145,7112
7108,64,-74.20048632,40.72125159,39145,7108
7108,64,-74.20056723,40.72178977,39145,7108
7108,64,-74.20083018,40.7218465,39145,7108
7108,64,-74.20062166,40.72218827,39145,7108
7108,64,-74.20053941,40.72238426,39145,7108
7108,64,-74.20949201,40.72668072,39145,7108
7108,64,-74.19928594,40.7228484,39145,7108
7108,64,-74.19539081,40.72202086,39145,7108
7108,64,-74.19237667,40.7223633,39145,7108
7108,64,-74.1928366,40.72245917,39145,7108
7108,64,-74.19479654,40.72344548,39145,7108
7108,64,-74.20053498,40.72497682,39145,7108
7108,64,-74.20939041,40.72694558,39145,7108
7108,64,-74.21220737,40.72723864,39145,7108
7108,64,-74.20962129,40.72634176,39145,7108
7108,64,-74.21136982,40.72942767,39145,7103
7108,64,-74.21131935,40.72955944,39145,7103
7108,64,-74.21021246,40.72891627,39145,7103
7108,64,-74.21018724,40.72898216,39145,7103
7108,64,-74.20973832,40.72778054,39145,7111
7108,64,-74.2094373,40.7284643,39145,7103
7108,64,-74.2077056,40.72781162,39145,7108
7108,64,-74.20701152,40.72719918,39145,7108
7108,64,-74.20582232,40.7272537,39145,7108
7108,64,-74.20581349,40.7273376,39145,7108
7108,64,-74.20484759,40.726834,39145,7108
7108,64,-74.20344763,40.72678704,39145,7108
7108,64,-74.20283828,40.72631453,39145,7108
7108,64,-74.2037599,40.72685415,39145,7108
7108,64,-74.2038641,40.72687667,39145,7108
7108,64,-74.20230978,40.72609904,39145,7108
7108,64,-74.20214006,40.72652042,39145,7108
7108,64,-74.2037382,40.72736613,39145,7108
7108,64,-74.20506733,40.72758158,39145,7108
7108,64,-74.20980463,40.7299821,39145,7103
7108,64,-74.20897976,40.72969558,39145,7103
7108,64,-74.1978507,40.72605508,39145,7108
7108,64,-74.19803193,40.72562192,39145,7108
7108,64,-74.21196052,40.72825587,39145,7103
7108,64,-74.2120433,40.72923244,39145,7103
7108,64,-74.21286335,40.72844883,39145,7103
7108,64,-74.21352538,40.72891191,39145,7103
7108,64,-74.21027471,40.72627658,39145,7108
7108,64,-74.21055469,40.726553,39145,7108
7108,64,-74.2103521,40.72700747,39145,7108
7108,64,-74.21050247,40.72661285,39145,7108
7108,64,-74.21040159,40.72687545,39145,7108
7108,64,-74.21042768,40.72680992,39145,7108
7108,64,-74.210452,40.72674407,39145,7108
7108,64,-74.21127855,40.72613516,39145,7108
7108,64,-74.20143225,40.72282142,39145,7108
7108,64,-74.21217914,40.72731264,39145,7108
7108,64,-74.21226388,40.7270908,39145,7108
7108,64,-74.20940968,40.7259141,39145,7108
7108,64,-74.212673,40.72789814,39145,7103
7108,64,-74.21286756,40.72793927,39145,7103
7108,64,-74.21325593,40.72705496,39145,7108
7108,64,-74.21353744,40.72788516,39145,7108
7108,64,-74.21413011,40.72731799,39145,7108
7108,64,-74.21378792,40.72723099,39145,7108
7108,64,-74.21377286,40.72813031,39145,7108
7108,64,-74.21486516,40.72697257,39145,7108
7108,64,-74.21426234,40.72874673,39145,7108
7108,64,-74.21412293,40.72871653,39145,7103
7108,64,-74.21350559,40.72858613,39145,7108
7108,64,-74.21341736,40.72856376,39145,7108
7108,64,-74.2128505,40.72713195,39145,7108
7108,64,-74.20125505,40.72227521,39145,7108
7108,64,-74.21124993,40.72966453,39145,7103
7108,64,-74.20229211,40.72344937,39145,7108
7108,64,-74.20615777,40.72095911,39145,7108
7108,64,-74.20791838,40.71862038,39145,7108
7108,64,-74.20729251,40.71846925,39145,7108
7108,64,-74.20649785,40.71849295,39145,7108
7108,64,-74.20769993,40.71885575,39145,7108
7108,64,-74.20827645,40.71824638,39145,7108
7108,64,-74.20688131,40.71790427,39145,7108
7108,64,-74.20815947,40.71821802,39145,7108
7108,64,-74.20535383,40.71768608,39145,7108
7108,64,-74.20518176,40.71789709,39145,7112
7108,64,-74.20456452,40.72049039,39145,7108
7108,64,-74.20704686,40.72008924,39145,7108
7108,64,-74.20275328,40.72105574,39145,7111
7108,64,-74.20270014,40.72120973,39145,7111
7108,64,-74.20349031,40.71891977,39145,7112
7108,64,-74.2033364,40.71936581,39145,7112
7108,64,-74.2032851,40.7195145,39145,7112
7108,64,-74.20344867,40.71746302,39145,7108
7108,64,-74.2032937,40.71744268,39145,7108
7108,64,-74.2029892,40.71888368,39145,7108
7108,64,-74.20285996,40.71844036,39145,7108
7108,64,-74.20278595,40.71934282,39145,7108
7108,64,-74.20253928,40.72000023,39145,7108
7108,64,-74.20209771,40.72133688,39145,7108
7108,64,-74.20297728,40.72040658,39145,7112
7108,64,-74.20736628,40.72227812,39145,7108
7108,64,-74.20888314,40.7196683,39145,7108
7108,64,-74.20896844,40.71968811,39145,7108
7108,64,-74.17755729,40.76076678,39145,7104
7108,64,-74.20419446,40.71618684,39145,7112
7108,64,-74.21754377,40.72155367,39145,7108
7108,64,-74.21768528,40.72162176,39145,7108
7108,64,-74.21754048,40.72236495,39145,7108
7108,64,-74.21650356,40.7218462,39145,7108
7108,64,-74.21768794,40.72243676,39145,7108
7108,64,-74.2160183,40.72289799,39145,7108
7108,64,-74.21642897,40.72256572,39145,7108
7108,64,-74.21489949,40.72301176,39145,7103
7108,64,-74.21482515,40.72300235,39145,7103
7108,64,-74.21390026,40.72209193,39145,7108
7108,64,-74.21508346,40.72172295,39145,7108
7108,64,-74.21596966,40.72154995,39145,7108
7108,64,-74.21618481,40.72134363,39145,7108
7108,64,-74.21576229,40.72118988,39145,7108
7108,64,-74.21125048,40.71961369,39145,7108
7108,64,-74.21160311,40.72269109,39145,7108
7108,64,-74.21178878,40.72269295,39145,7108
7108,64,-74.20927314,40.7222426,39145,7108
7108,64,-74.20994925,40.72237426,39145,7108
7108,64,-74.20872132,40.7211056,39145,7108
7108,64,-74.20939575,40.71851858,39145,7108
7108,64,-74.2101683,40.71870601,39145,7108
7108,64,-74.2098199,40.71908205,39145,7108
7108,64,-74.2161224,40.72467371,39145,7108
7108,64,-74.21596148,40.72411349,39145,7108
7108,64,-74.21626557,40.72430571,39145,7108
7108,64,-74.21599603,40.72402332,39145,7108
7108,64,-74.211039,40.72426973,39145,7108
7108,64,-74.21138697,40.72430402,39145,7108
7108,64,-74.21155979,40.72385656,39145,7108
7108,64,-74.21095496,40.72542694,39145,7108
7108,64,-74.21079646,40.7248912,39145,7108
7108,64,-74.21181087,40.72333045,39145,7108
7108,64,-74.2100438,40.72520614,39145,7108
7108,64,-74.21035831,40.72440115,39145,7108
7108,64,-74.21033032,40.72447231,39145,7108
7108,64,-74.21008925,40.72506735,39145,7108
7108,64,-74.21006929,40.72514037,39145,7108
7108,64,-74.20949944,40.72412103,39145,7108
7108,64,-74.2091893,40.72394435,39145,7108
7108,64,-74.20924011,40.72381252,39145,7108
7108,64,-74.20842763,40.72437825,39145,7108
7108,64,-74.20835502,40.72346605,39145,7108
7108,64,-74.20817903,40.72500635,39145,7108
7108,64,-74.20713433,40.72471364,39145,7108
7108,64,-74.2063755,40.72418465,39145,7108
7108,64,-74.20595767,40.72423109,39145,7108
7108,64,-74.20567025,40.72330723,39145,7108
7108,64,-74.2048199,40.72270114,39145,7111
7108,64,-74.20415704,40.7232753,39145,7111
7108,64,-74.20494795,40.72272804,39145,7111
7108,64,-74.20292212,40.72358138,39145,7108
7108,64,-74.21091576,40.7245852,39145,7108
7108,64,-74.20119876,40.72337699,39145,7108
7108,64,-74.21088495,40.72466412,39145,7108
7108,64,-74.21246419,40.72402309,39145,7108
7108,64,-74.21490913,40.72425063,39145,7108
7108,64,-74.21669984,40.72475451,39145,7108
7108,64,-74.21669984,40.72475451,39145,7108
7108,64,-74.21420028,40.72616491,39145,7108
7108,64,-74.21427995,40.72595551,39145,7108
7108,64,-74.21493251,40.72522927,39145,7108
7108,64,-74.21332194,40.72590282,39145,7108
7108,64,-74.21404968,40.72400086,39145,7103
7108,64,-74.21361463,40.72513588,39145,7108
7108,64,-74.21329238,40.72598022,39145,7108
7108,64,-74.21416479,40.7246804,39145,7108
7108,64,-74.21448599,40.7238414,39145,7103
7108,64,-74.21408435,40.72391021,39145,7103
7108,64,-74.21338822,40.72572832,39145,7108
7108,64,-74.21335062,40.72582831,39145,7108
7108,64,-74.21477253,40.72348776,39145,7103
7108,64,-74.21438886,40.72409556,39145,7103
7108,64,-74.21329494,40.72440289,39145,7108
7108,64,-74.21309729,40.7239386,39145,7108
7108,64,-74.21300401,40.72418198,39145,7108
7108,64,-74.21248383,40.72553842,39145,7108
7108,64,-74.213021,40.72511643,39145,7108
7108,64,-74.21325961,40.7244949,39145,7108
7108,64,-74.2131094,40.72488604,39145,7108
7108,64,-74.21304687,40.72407019,39145,7108
7108,64,-74.21218698,40.72474496,39145,7108
7108,64,-74.20617337,40.72370704,39145,7111
7102,3,-74.17946292,40.72941155,41233,7102
7102,3,-74.17480577,40.73552284,41233,7102
7102,3,-74.17611744,40.72773651,41233,07102; 07105
7102,3,-74.17563263,40.72850524,41233,7102
7102,3,-74.17007441,40.73139253,41233,7102
7102,3,-74.169987,40.73136674,41233,7102
7102,3,-74.1751424,40.73685645,41233,7102
7102,3,-74.17289078,40.73816508,41233,7103
7102,3,-74.16978336,40.75895633,41233,7104
7102,3,-74.17309742,40.74384448,41233,7103
7102,3,-74.18956109,40.7209905,41233,7108
7102,3,-74.2067287,40.74154068,41233,7103
7102,3,-74.17168631,40.74067899,41233,7102
7102,3,-74.17415721,40.74233972,41233,07102:07103
7102,3,-74.16973865,40.74098939,41233,7102
7102,3,-74.16948998,40.74128792,41233,7102
7102,3,-74.17175942,40.74070547,41233,7102
7102,3,-74.16980576,40.74086682,41233,7102
7102,3,-74.16967016,40.74115678,41233,7102
7102,3,-74.16988618,40.74070059,41233,7102
7102,3,-74.19824117,40.75079184,41233,7107
7102,3,-74.19518186,40.71328974,41233,7112
7102,3,-74.16978487,40.74139368,41233,07102:07103
7103,5,-74.19930945,40.7296488,41792,7108
7103,5,-74.20939148,40.73969166,41792,7103
7103,5,-74.19593047,40.74244495,41792,7103
7103,5,-74.20693756,40.73978549,41792,7103
7103,5,-74.20580141,40.73886149,41792,7103
7103,5,-74.19582093,40.74070171,41792,7103
7103,5,-74.20548156,40.73871673,41792,7111
7103,5,-74.20538418,40.7389702,41792,7103
7103,5,-74.20535615,40.73904257,41792,7103
7103,5,-74.21293272,40.73044849,41792,7103
7103,5,-74.20304496,40.73458304,41792,7103
7103,5,-74.19460477,40.74299759,41792,7103
7104,4,-74.16201979,40.77017932,43463,7104
7104,4,-74.17425076,40.73292212,43463,7102
7104,4,-74.16210474,40.77020464,43463,7104
7104,4,-74.20115413,40.73982873,43463,7103
7104,4,-74.19449452,40.71724267,43463,7108
7104,4,-74.20805038,40.74078395,43463,7103
7104,4,-74.1756336,40.75660119,43463,7104
7104,4,-74.17558361,40.75669662,43463,7104
7104,4,-74.17436316,40.76292854,43463,7104
7104,4,-74.16820692,40.76195308,43463,7104
7104,4,-74.16924105,40.76302675,43463,7104
7104,4,-74.16629237,40.77150841,43463,7104
7107,17,-74.19768332,40.74582949,44589,7107
7107,17,-74.19800437,40.74518027,44589,7107
7107,17,-74.19742913,40.7463435,44589,7107
7107,17,-74.19690559,40.75068396,44589,7107
7107,17,-74.20117776,40.7420395,44589,7103
7107,17,-74.20136778,40.74165367,44589,7103
7107,17,-74.19739742,40.74640789,44589,7107
7107,17,-74.19980975,40.74480796,44589,7103
7107,17,-74.19825545,40.74592342,44589,7107
7107,17,-74.19933784,40.74650834,44589,7107
7107,17,-74.19876071,40.74589253,44589,7107
7107,17,-74.19620587,40.75287624,44589,7107
7107,17,-74.19610473,40.75307988,44589,7107
7107,17,-74.19726201,40.75199444,44589,7107
7107,17,-74.1967159,40.75309906,44589,7107
7107,17,-74.19868632,40.75211543,44589,7107
7107,17,-74.19847226,40.75235387,44589,7107
7107,17,-74.19894843,40.75263822,44589,7107
7107,17,-74.1983125,40.75064719,44589,7107
7107,17,-74.19701018,40.74844132,44589,7107
7107,17,-74.19717378,40.75013778,44589,7107
7107,17,-74.19693716,40.75061969,44589,7107
7107,17,-74.196874,40.75074824,44589,7107
7107,17,-74.19640726,40.74966152,44589,7107
7107,17,-74.19505728,40.74911408,44589,7107
7107,17,-74.19233078,40.74895143,44589,7107
7107,17,-74.19224911,40.74907342,44589,7107
7107,17,-74.1922026,40.7485411,44589,7107
7107,17,-74.19004681,40.74794968,44589,7107
7107,17,-74.19621503,40.74677065,44589,7107
7107,17,-74.19634673,40.75181745,44589,7107
7107,17,-74.19850944,40.74540965,44589,7107
7107,17,-74.19587213,40.75277303,44589,7107
7107,17,-74.18852297,40.74867325,44589,07107; 07103
7107,17,-74.19900697,40.74643409,44589,7107
7107,17,-74.19929569,40.74663031,44589,7107
7107,17,-74.19851127,40.74743639,44589,7107
7107,17,-74.19723955,40.74875355,44589,7107
7107,17,-74.19733482,40.74856144,44589,7107
7107,17,-74.177212,40.7606845,44589,7104
7107,17,-74.19035171,40.76298337,44589,7107
7107,17,-74.19148737,40.76182078,44589,7107
7107,17,-74.18699799,40.75814555,44589,7107
7107,17,-74.19473998,40.75910628,44589,7107
7107,17,-74.19552548,40.75720289,44589,7107
7107,17,-74.18801058,40.75620277,44589,7107
7107,17,-74.18656652,40.75435193,44589,7107
7107,17,-74.19610493,40.75429591,44589,7107
7107,17,-74.19304623,40.75392784,44589,7112
7107,17,-74.1921682,40.75161914,44589,7107
7107,17,-74.19212721,40.75168001,44589,7107
7107,17,-74.19165959,40.75147057,44589,7107
7107,17,-74.19161831,40.75153073,44589,7107
7107,17,-74.19188266,40.74962203,44589,7107
7107,17,-74.19655337,40.74811713,44589,7107
7107,17,-74.19718846,40.74808125,44589,7107
11233,1,-74.2030995,40.72579903,45327,7108
7017,0,-74.15933884,40.77541945,49767,7104
7017,0,-74.20615425,40.72931191,49767,7103
7112,66,-74.20659872,40.71626103,49988,7112
7112,66,-74.20592252,40.70823784,49988,7112
7112,66,-74.20651902,40.70767517,49988,7112
7112,66,-74.20714515,40.70744858,49988,7112
7112,66,-74.20559389,40.70892247,49988,7112
7112,66,-74.20580964,40.70901943,49988,7112
7112,66,-74.20578636,40.71053984,49988,7112
7112,66,-74.20583673,40.71017395,49988,7112
7112,66,-74.20567806,40.7101057,49988,7112
7112,66,-74.20493847,40.7097758,49988,7112
7112,66,-74.20670699,40.70890991,49988,7112
7112,66,-74.20885523,40.70816918,49988,7112
7112,66,-74.20994212,40.70828148,49988,7112
7112,66,-74.21005197,40.70833931,49988,7112
7112,66,-74.2091733,40.70887076,49988,7112
7112,66,-74.20559934,40.7100741,49988,7112
7112,66,-74.20462803,40.70963636,49988,7112
7112,66,-74.20231446,40.71026511,49988,7112
7112,66,-74.20971714,40.70911497,49988,7112
7112,66,-74.21158055,40.71443463,49988,7112
7112,66,-74.21276972,40.71465448,49988,7112
7112,66,-74.21243257,40.7159494,49988,7112
7112,66,-74.21284867,40.71393211,49988,7112
7112,66,-74.2128377,40.713201,49988,7112
7112,66,-74.21221966,40.71385,49988,7112
7112,66,-74.21256614,40.71233217,49988,7112
7112,66,-74.21492979,40.71126267,49988,7112
7112,66,-74.20804397,40.71441698,49988,7112
7112,66,-74.21484724,40.71120989,49988,7112
7112,66,-74.2151897,40.71140121,49988,7112
7112,66,-74.21422178,40.71308229,49988,7112
7112,66,-74.21412639,40.7131823,49988,7112
7112,66,-74.20297588,40.71024102,49988,7112
7112,66,-74.20266594,40.71009992,49988,7112
7112,66,-74.20447211,40.71007579,49988,7112
7112,66,-74.20843226,40.70885767,49988,7112
7112,66,-74.21103633,40.70883987,49988,7112
7112,66,-74.21092103,40.70914263,49988,7112
7112,66,-74.21056586,40.70795607,49988,7112
7112,66,-74.21177011,40.70816903,49988,7112
7112,66,-74.21152975,40.70850333,49988,7112
7112,66,-74.21376536,40.70883081,49988,7112
7112,66,-74.2163528,40.70691372,49988,7112
7112,66,-74.21749107,40.70661258,49988,7112
7112,66,-74.21829191,40.708379,49988,7040
7112,66,-74.21095637,40.70782543,49988,7112
7112,66,-74.2183497,40.70954167,49988,7112
7112,66,-74.21971824,40.70731406,49988,7112
7112,66,-74.21998964,40.70743019,49988,7112
7112,66,-74.22389396,40.70801987,49988,7112
7112,66,-74.21841132,40.71136353,49988,7112
7112,66,-74.22208763,40.70831778,49988,7112
7112,66,-74.22439603,40.71145707,49988,7112
7112,66,-74.225734,40.71077485,49988,7112
7112,66,-74.21864457,40.70969557,49988,7112
7112,66,-74.2111222,40.70737451,49988,7112
7112,66,-74.21187467,40.70735626,49988,7112
7112,66,-74.21101299,40.70731639,49988,7112
7112,66,-74.20802485,40.70918134,49988,7112
7112,66,-74.2090051,40.709622,49988,7112
7112,66,-74.20806135,40.70951458,49988,7112
7112,66,-74.20742473,40.70973823,49988,7112
7112,66,-74.21029538,40.71134919,49988,7112
7112,66,-74.21052691,40.71145343,49988,7112
7112,66,-74.20851549,40.71022806,49988,7112
7112,66,-74.20756895,40.71012048,49988,7112
7112,66,-74.20895102,40.71042441,49988,7112
7112,66,-74.2079706,40.71164322,49988,7112
7112,66,-74.20851452,40.71188897,49988,7112
7112,66,-74.20830082,40.71179243,49988,7112
7112,66,-74.20606434,40.71107816,49988,7112
7112,66,-74.20836484,40.70583602,49988,7112
7112,66,-74.20912708,40.70536006,49988,7112
7112,66,-74.21023729,40.70321228,49988,7112
7112,66,-74.21075973,40.70354143,49988,7112
7112,66,-74.21059208,40.71569876,49988,7112
7112,66,-74.20948594,40.71712192,49988,7112
7112,66,-74.21448758,40.71101932,49988,7112
7112,66,-74.20833642,40.71672143,49988,7112
7112,66,-74.21551492,40.71965779,49988,7112
7112,66,-74.2145615,40.71931418,49988,7112
7112,66,-74.21473239,40.71935086,49988,7112
7112,66,-74.21882035,40.71503166,49988,7112
7112,66,-74.21769467,40.7156351,49988,7112
7112,66,-74.21996435,40.71383193,49988,7112
7112,66,-74.21991756,40.71389096,49988,7112
7112,66,-74.21809326,40.71408479,49988,7112
7112,66,-74.21844301,40.71424281,49988,7112
7112,66,-74.21833607,40.7138618,49988,7112
7112,66,-74.21762711,40.71460528,49988,7112
7112,66,-74.21754736,40.71468911,49988,7112
7112,66,-74.21746762,40.71477294,49988,7112
7112,66,-74.21529307,40.71752393,49988,7112
7112,66,-74.20800509,40.71408044,49988,7112
7112,66,-74.21415352,40.71752116,49988,7112
7112,66,-74.21863867,40.71274969,49988,7112
7112,66,-74.21878923,40.71282738,49988,7112
7112,66,-74.20943083,40.71719286,49988,7112
7112,66,-74.21692856,40.71435179,49988,7112
7112,66,-74.2159651,40.71434198,49988,7112
7112,66,-74.21592786,40.71928111,49988,7112
7112,66,-74.21629357,40.71458987,49988,7112
7112,66,-74.21579811,40.71946199,49988,7112
7112,66,-74.21984217,40.71465838,49988,7112
7112,66,-74.20641101,40.7161771,49988,7112
7112,66,-74.20575863,40.71588348,49988,7112
7112,66,-74.20538033,40.71624161,49988,7112
7112,66,-74.20432278,40.71592517,49988,7112
7112,66,-74.20538553,40.71372029,49988,7112
7112,66,-74.20548969,40.71228845,49988,7112
7112,66,-74.20558484,40.71217177,49988,7112
7112,66,-74.20447003,40.7136024,49988,7112
7112,66,-74.21876941,40.72053443,49988,7111
7112,66,-74.21784604,40.72078854,49988,7112
7112,66,-74.21767824,40.72070694,49988,7112
7112,66,-74.21769511,40.72130304,49988,7112
7112,66,-74.21676028,40.72081824,49988,7112
7112,66,-74.21558323,40.72027834,49988,7112
7112,66,-74.21634386,40.72064718,49988,7112
7112,66,-74.21666281,40.71968538,49988,7112
7112,66,-74.21871298,40.71747552,49988,7112
7112,66,-74.22069993,40.7137505,49988,7205
7112,66,-74.22028102,40.7142082,49988,7205
7112,66,-74.22060407,40.71370386,49988,7205
7112,66,-74.22027122,40.71468714,49988,7112
7112,66,-74.21641772,40.7182444,49988,7112
7112,66,-74.21586124,40.71445341,49988,7112
7112,66,-74.21713924,40.71312943,49988,7112
7112,66,-74.21646951,40.71522213,49988,7112
7112,66,-74.21380565,40.71477476,49988,7112
7112,66,-74.213202,40.71557194,49988,7112
7112,66,-74.20879784,40.71964849,49988,7108
7112,66,-74.20808355,40.71933894,49988,7108
7112,66,-74.20678297,40.7191509,49988,7108
7112,66,-74.19061391,40.71664851,49988,7114
7112,66,-74.20762625,40.71311283,49988,7112
7112,66,-74.20732776,40.71218212,49988,7112
7112,66,-74.20819887,40.71289452,49988,7112
7112,66,-74.21005941,40.71369625,49988,7112
7112,66,-74.2105031,40.71395518,49988,7112
7112,66,-74.21034896,40.71467392,49988,7112
7112,66,-74.21052615,40.71444618,49988,7112
7112,66,-74.20939405,40.71535998,49988,7112
7112,66,-74.20944957,40.71528884,49988,7112
7112,66,-74.2143328,40.71404171,49988,7112
7112,66,-74.2162789,40.71429549,49988,7112
7112,66,-74.21463428,40.71705046,49988,7112
7112,66,-74.2166094,40.71298485,49988,7112
7112,66,-74.21504813,40.71572098,49988,7112
7112,66,-74.21555306,40.71363262,49988,7112
7112,66,-74.21675728,40.71235896,49988,7112
7112,66,-74.21692526,40.71265121,49988,7112
7112,66,-74.21629267,40.71331995,49988,7112
7112,66,-74.21496502,40.71425623,49988,7112
7112,66,-74.21408115,40.71401634,49988,7112
7112,66,-74.21479946,40.71443319,49988,7112
29601,0,-74.16937214,40.73627391,50723,7102
7018,1,-74.21706405,40.71029935,51109,7112
7018,1,-74.20162279,40.73594112,51109,7111
7111,3,-74.20165409,40.74185463,51900,7103
7111,3,-74.19677546,40.74766792,51900,7107
7111,3,-74.22697986,40.74130624,51900,7106
7105,2,-74.16546446,40.72598284,52485,7105
7105,2,-74.17268741,40.72298117,52485,7105
7105,2,-74.1736054,40.72025125,52485,7114
7105,2,-74.18951834,40.71780061,52485,7114
7105,2,-74.1969627,40.74853728,52485,7107
7105,2,-74.14171285,40.73012227,52485,7105
7105,2,-74.14020913,40.73010516,52485,7105
7105,2,-74.13840011,40.73084081,52485,7105
7105,2,-74.13398763,40.73595913,52485,7105
7105,2,-74.177085,40.71900609,52485,7114
7105,2,-74.13348418,40.73132911,52485,7105
7105,2,-74.15002306,40.73008323,52485,7105
7105,2,-74.13365944,40.73199821,52485,7105
7105,2,-74.1567141,40.7316453,52485,7105
7105,2,-74.16769327,40.72939449,52485,7105
7105,2,-74.15241833,40.73010593,52485,7105
7105,2,-74.14927137,40.72991918,52485,7105
7105,2,-74.14742364,40.73212784,52485,7105
8701,1,-74.20970309,40.72611806,56240,7108
8701,1,-74.19871734,40.72880677,56240,7108
8701,1,-74.17018296,40.73645129,56240,7102
8901,1,-74.19330636,40.73791778,57250,7103
8901,1,-74.18066194,40.72540735,57250,7114
8901,1,-74.2059518,40.74003651,57250,7103
7502,0,-74.1779494,40.75807716,58311,7104
7106,98,-74.22912522,40.73864929,58633,7106
7106,98,-74.21008483,40.74462511,58633,7103
7106,98,-74.21829326,40.74674109,58633,7106
7106,98,-74.21721562,40.74687257,58633,7106
7106,98,-74.21691758,40.74737707,58633,7106
7106,98,-74.21687453,40.7474499,58633,7106
7106,98,-74.21683147,40.74752272,58633,7106
7106,98,-74.21655408,40.74799177,58633,7106
7106,98,-74.21678381,40.7476028,58633,7106
7106,98,-74.21716491,40.74696017,58633,7106
7106,98,-74.21794563,40.74632378,58633,7106
7106,98,-74.21761235,40.74613276,58633,7106
7106,98,-74.21691027,40.74800139,58633,7106
7106,98,-74.21682701,40.74797119,58633,7106
7106,98,-74.21783827,40.74582023,58633,7106
7106,98,-74.21817489,40.74593578,58633,7106
7106,98,-74.21893526,40.74564997,58633,7106
7106,98,-74.21935504,40.74560958,58633,7106
7106,98,-74.21898348,40.74556828,58633,7106
7106,98,-74.21902963,40.74549041,58633,7106
7106,98,-74.21980212,40.74599995,58633,7106
7106,98,-74.22010156,40.74623018,58633,7106
7106,98,-74.22030922,40.74588124,58633,7106
7106,98,-74.22083785,40.74634236,58633,7106
7106,98,-74.22047761,40.74662952,58633,7106
7106,98,-74.22834508,40.74790682,58633,7106
7106,98,-74.22845926,40.74769073,58633,7106
7106,98,-74.21770567,40.74773387,58633,7106
7106,98,-74.2283062,40.74798043,58633,7106
7106,98,-74.21892427,40.74745662,58633,7106
7106,98,-74.21728899,40.74861195,58633,7106
7106,98,-74.22860443,40.7449378,58633,7106
7106,98,-74.22968258,40.74205122,58633,7106
7106,98,-74.22979683,40.74173766,58633,7106
7106,98,-74.2264879,40.74067363,58633,7106
7106,98,-74.23112963,40.73739044,58633,7106
7106,98,-74.23056972,40.73649955,58633,7106
7106,98,-74.23183836,40.73616256,58633,7106
7106,98,-74.23424832,40.73862177,58633,7106
7106,98,-74.23407265,40.7396162,58633,7106
7106,98,-74.23279081,40.73987657,58633,7106
7106,98,-74.23179757,40.74009631,58633,7106
7106,98,-74.23201498,40.74299653,58633,7106
7106,98,-74.22900327,40.73995346,58633,7106
7106,98,-74.23237819,40.74294661,58633,7106
7106,98,-74.23272362,40.74167891,58633,7106
7106,98,-74.23006749,40.73873383,58633,7106
7106,98,-74.23268698,40.74174182,58633,7106
7106,98,-74.22993971,40.73866913,58633,7106
7106,98,-74.22970066,40.74058836,58633,7106
7106,98,-74.22944225,40.74028138,58633,7106
7106,98,-74.23055458,40.74326643,58633,7106
7106,98,-74.24506891,40.73592792,58633,7106
7106,98,-74.24247887,40.73871152,58633,7106
7106,98,-74.21591261,40.74805523,58633,7106
7106,98,-74.2161049,40.74875136,58633,7106
7106,98,-74.21945895,40.74823596,58633,7106
7106,98,-74.2270343,40.75018763,58633,7106
7106,98,-74.22877416,40.74892528,58633,7106
7106,98,-74.22936296,40.74781534,58633,7106
7106,98,-74.23846248,40.73849059,58633,7106
7106,98,-74.23736283,40.73749582,58633,7106
7106,98,-74.23613257,40.73805254,58633,7106
7106,98,-74.23640499,40.73891207,58633,7106
7106,98,-74.23605221,40.7393122,58633,7106
7106,98,-74.23282517,40.74328398,58633,7106
7106,98,-74.23299146,40.74414265,58633,7106
7106,98,-74.23276071,40.74417404,58633,7106
7106,98,-74.23359989,40.74372281,58633,7106
7106,98,-74.23157765,40.74393282,58633,7106
7106,98,-74.2318607,40.74434624,58633,7106
7106,98,-74.23180696,40.74449621,58633,7106
7106,98,-74.23151547,40.74406534,58633,7106
7106,98,-74.23122922,40.74471808,58633,7106
7106,98,-74.23026503,40.7449667,58633,7106
7106,98,-74.23021152,40.74560862,58633,7106
7106,98,-74.23073514,40.74453177,58633,7106
7106,98,-74.23062104,40.74504391,58633,7106
7106,98,-74.23061389,40.74513089,58633,7106
7106,98,-74.22930755,40.74566139,58633,7106
7106,98,-74.22927781,40.74579535,58633,7106
7106,98,-74.22936354,40.74541654,58633,7106
7106,98,-74.22964901,40.74585502,58633,7106
7106,98,-74.22977709,40.74492429,58633,7106
7106,98,-74.22966147,40.74571736,58633,7106
7106,98,-74.23852817,40.73833625,58633,7106
7106,98,-74.23869588,40.73794381,58633,7106
7106,98,-74.23875343,40.73875907,58633,7106
7106,98,-74.2395826,40.735033,58633,7106
7106,98,-74.22869952,40.75005023,58633,7106
7106,98,-74.22813527,40.75034279,58633,7106
7106,98,-74.22808662,40.75113126,58633,7018
7106,98,-74.2298509,40.74797898,58633,7106
7106,98,-74.2294788,40.74866872,58633,7106
7106,98,-74.23016078,40.74917665,58633,7106
7106,98,-74.23071829,40.74816383,58633,7106
7106,98,-74.23075313,40.74810053,58633,7106
7106,98,-74.22962664,40.75014835,58633,7106
7106,98,-74.23175173,40.74806339,58633,7106
7106,98,-74.2298613,40.75079258,58633,7106
7106,98,-74.2299813,40.7505762,58633,7106
7106,98,-74.22976858,40.74501945,58633,7106
7106,98,-74.23173655,40.75088199,58633,7106
7106,98,-74.23229063,40.74998453,58633,7106
7106,98,-74.23254634,40.7486238,58633,7106
7106,98,-74.2326341,40.7486367,58633,7106
7106,98,-74.23442273,40.74830352,58633,7106
7106,98,-74.23349655,40.74840988,58633,7106
7106,98,-74.23618298,40.74517769,58633,7106
7106,98,-74.23464756,40.74336588,58633,7106
7106,98,-74.23900379,40.74214904,58633,7106
7106,98,-74.24033991,40.73679592,58633,7106
7106,98,-74.24018878,40.73504627,58633,7106
7106,98,-74.24254317,40.73141427,58633,7106
7106,98,-74.24185784,40.73192522,58633,7106
7106,98,-74.23159858,40.75086191,58633,7106
7106,98,-74.22799736,40.74406709,58633,7106
7106,98,-74.22940753,40.74382287,58633,7106
7106,98,-74.22781606,40.74552723,58633,7106
7106,98,-74.22077654,40.74178823,58633,7106
7106,98,-74.23093092,40.73842818,58633,7111
7106,98,-74.23010207,40.73770413,58633,7106
7106,98,-74.22174552,40.7394055,58633,7106
7106,98,-74.21968517,40.74447584,58633,7106
7106,98,-74.22041165,40.74268883,58633,7106
7106,98,-74.21947957,40.744054,58633,7106
7106,98,-74.21995427,40.74381376,58633,7106
7106,98,-74.21987081,40.74309112,58633,7106
7106,98,-74.22032506,40.74290176,58633,7106
7106,98,-74.21990763,40.74300096,58633,7106
7106,98,-74.21944628,40.74413614,58633,7106
7106,98,-74.21973841,40.7443448,58633,7106
7106,98,-74.22056434,40.74231212,58633,7106
7106,98,-74.22012382,40.74467419,58633,7106
7106,98,-74.22096883,40.74363995,58633,7106
7106,98,-74.22073373,40.74421855,58633,7106
7106,98,-74.22126626,40.74290808,58633,7106
7106,98,-74.22086713,40.74389028,58633,7106
7106,98,-74.22046866,40.74394177,58633,7106
7106,98,-74.22196849,40.74025342,58633,7106
7106,98,-74.22156414,40.74124287,58633,7106
7106,98,-74.22188601,40.74045525,58633,7106
7106,98,-74.22205009,40.74005028,58633,7106
7106,98,-74.22197537,40.74116017,58633,7106
7106,98,-74.22057356,40.74135799,58633,7106
7106,98,-74.22051133,40.74151098,58633,7106
7106,98,-74.22130694,40.7404856,58633,7106
7106,98,-74.22080298,40.74172276,58633,7106
7106,98,-74.20934823,40.74496978,58633,7103
7106,98,-74.20863756,40.74582126,58633,7103
7106,98,-74.20702779,40.72669981,58633,7108
7106,98,-74.21247165,40.74317155,58633,7106
7106,98,-74.21206999,40.74339331,58633,7106
7106,98,-74.2123752,40.74279255,58633,7106
7106,98,-74.21212092,40.74386253,58633,7106
7106,98,-74.21239374,40.743325,58633,7106
7106,98,-74.21231011,40.74292065,58633,7106
7106,98,-74.21261332,40.74392238,58633,7106
7106,98,-74.21276984,40.7436145,58633,7106
7106,98,-74.21799889,40.74040484,58633,7106
7106,98,-74.22132647,40.74182804,58633,7106
7106,98,-74.21877063,40.74440451,58633,7106
7106,98,-74.21932964,40.74302735,58633,7106
7106,98,-74.2185839,40.74392996,58633,7106
7106,98,-74.21919697,40.74242095,58633,7106
7106,98,-74.21916983,40.7424864,58633,7106
7106,98,-74.21908978,40.74361774,58633,7106
7106,98,-74.22074012,40.73955189,58633,7111
7106,98,-74.22011294,40.74109581,58633,7106
7106,98,-74.22050461,40.74012366,58633,7106
7106,98,-74.22063544,40.73980778,58633,7106
7106,98,-74.22033199,40.74054876,58633,7106
7106,98,-74.21989133,40.740703,58633,7106
7106,98,-74.21999668,40.74044048,58633,7106
7106,98,-74.21874401,40.74447,58633,7106
7106,98,-74.22207654,40.73998471,58633,7106
7106,98,-74.22270931,40.73935321,58633,7106
7106,98,-74.2215559,40.74452839,58633,7106
7106,98,-74.22378999,40.74425911,58633,7106
7106,98,-74.22461973,40.74325156,58633,7106
7106,98,-74.22491762,40.7428823,58633,7106
7106,98,-74.2274635,40.74123653,58633,7106
7106,98,-74.22601274,40.74250796,58633,7106
7106,98,-74.22631086,40.74266686,58633,7106
7106,98,-74.22592197,40.74262547,58633,7106
7106,98,-74.22771673,40.74054736,58633,7106
7106,98,-74.22458606,40.74480976,58633,7106
7106,98,-74.22577151,40.74412523,58633,7106
7106,98,-74.22591153,40.74395052,58633,7106
7106,98,-74.22676371,40.74289032,58633,7106
7106,98,-74.2265541,40.74367643,58633,7106
7106,98,-74.22605693,40.74429668,58633,7106
7106,98,-74.22685899,40.74277298,58633,7106
7106,98,-74.22549231,40.7444739,58633,7106
7106,98,-74.22545636,40.74451642,58633,7106
7106,98,-74.22794175,40.74143168,58633,7106
7106,98,-74.22746727,40.74267565,58633,7106
7106,98,-74.22677562,40.7457993,58633,7018
7106,98,-74.22800483,40.74258048,58633,7106
7106,98,-74.22817429,40.74213074,58633,7106
7106,98,-74.22879544,40.74296201,58633,7106
7106,98,-74.2279722,40.74413296,58633,7106
7106,98,-74.22767169,40.74587094,58633,7106
7106,98,-74.22802684,40.7439906,58633,7106
7106,98,-74.22345275,40.74340076,58633,7106
7106,98,-74.22411355,40.7431905,58633,7106
7106,98,-74.22258184,40.74405037,58633,7106
7106,98,-74.22166438,40.74439623,58633,7106
7106,98,-74.22301038,40.74000789,58633,7106
7106,98,-74.22397085,40.74023293,58633,7106
7106,98,-74.22489668,40.73891332,58633,7106
7106,98,-74.22495035,40.73863674,58633,7106
7106,98,-74.22457529,40.73942859,58633,7106
7106,98,-74.22390521,40.74160676,58633,7106
7106,98,-74.22430033,40.74111411,58633,7106
7106,98,-74.22411696,40.7413429,58633,7106
7106,98,-74.22478121,40.74052253,58633,7106
7106,98,-74.22328634,40.74317177,58633,7106
7106,98,-74.22517483,40.73949568,58633,7106
7106,98,-74.22450276,40.74086148,58633,7106
7106,98,-74.2234961,40.7388121,58633,7106
7106,98,-74.22317617,40.73959857,58633,7106
7106,98,-74.22336245,40.73914089,58633,7106
7106,98,-74.22344262,40.73894382,58633,7106
7106,98,-74.22578358,40.7379167,58633,7106
7106,98,-74.22562778,40.73805932,58633,7106
7106,98,-74.22863671,40.73845304,58633,7106
7106,98,-74.22748788,40.73793732,58633,7106
7106,98,-74.22735836,40.73813057,58633,7106
7106,98,-74.22696809,40.73853603,58633,7106
7106,98,-74.22678625,40.73882316,58633,7106
7106,98,-74.22619466,40.74017457,58633,7106
7106,98,-74.23017182,40.74340808,58633,7106
11204,1,-74.20652567,40.73952079,58961,7103
31024,0,-74.20735806,40.72727386,60330,7103
7307,0,-74.2017815,40.72101344,66278,7108
11367,0,-74.20036276,40.74368924,67846,7103
7205,0,-74.20750401,40.74624942,68893,7103
7205,0,-74.20135726,40.71520862,68893,7112
7203,1,-74.1972796,40.74258749,69366,7103
7062,0,-74.19517646,40.7468447,70074,7107
32713,1,-74.16808007,40.75979713,70776,7104
7643,0,-74.17675316,40.72872799,73771,7102
7643,0,-74.18874588,40.7464873,73771,7103
30054,0,-74.20693168,40.71625196,75106,7112
8879,0,-74.18744163,40.72190329,76378,7114
11422,0,-74.19822552,40.75207278,76689,7107
10310,0,-74.18746421,40.72186159,77596,7114
7204,1,-74.1643697,40.77641697,77751,7104
8723,0,-74.16557107,40.78372852,78541,7104
11423,0,-74.2068309,40.74059882,79561,7103
11428,1,-74.19708589,40.75110242,85684,7107
11428,1,-74.20915094,40.73776775,85684,7103
7508,0,-74.16138818,40.77029922,86820,7104
7508,0,-74.20523489,40.72334591,86820,7108
7083,0,-74.18740531,40.75855606,89152,7107
7083,0,-74.20909407,40.72673836,89152,7108
7083,0,-74.19689933,40.74953532,89152,7107
7083,0,-74.17543593,40.74509462,89152,7102
7083,0,-74.20985298,40.71833583,89152,7112
7663,0,-74.20858352,40.73822972,92553,7103
19103,0,-74.20785317,40.74554289,92863,7103
7024,0,-74.17178744,40.73981575,95417,7102
7024,0,-74.17233528,40.74057526,95417,7102
33146,1,-74.20843524,40.7412042,95773,7103
7302,0,-74.20896915,40.74629801,98752,7103
8873,0,-74.16971776,40.74933511,99431,7104